supplierProductId,supplierId,productId,unitPrice,currency,minimumOrderQty,leadTimeDays,capacity,active
SP001,SUP001,P001,850.00,INR,100,12,5000,true
SP002,SUP007,P001,820.00,INR,100,7,7000,true
SP003,SUP002,P002,125.00,CNY,500,28,10000,true
SP004,SUP008,P002,13000.00,KRW,500,21,8000,true
SP005,SUP002,P003,450.00,CNY,200,28,6000,true
SP006,SUP008,P003,48000.00,KRW,200,21,5000,true
SP007,SUP004,P004,7.50,USD,1000,18,20000,true
SP008,SUP006,P005,3.20,USD,1000,10,30000,true
SP009,SUP003,P006,95.00,EUR,100,15,8000,true
SP010,SUP004,P007,4.80,USD,500,18,15000,true
SP011,SUP005,P008,11.00,JPY,1000,14,25000,true
SP012,SUP001,P004,650.00,INR,1000,12,18000,true